{
  "width_profile_delta": 0.023870242880523546,
  "tail_decay_delta": 0.0001870179800652627,
  "pixel_roi_delta": 0
}