{
  "width_profile_delta": 0.06605850290207103,
  "tail_decay_delta": 0.00016186081170813452,
  "pixel_roi_delta": 0
}